{
  "song": {
    "song": "detonator",
    "notes": [
      {
        "sectionNotes": [
          [
            171.42857,
            1.0,
            0.0
          ],
          [
            0.0,
            2.0,
            0.0
          ],
          [
            428.57144,
            0.0,
            0.0
          ],
          [
            685.7143,
            2.0,
            0.0
          ],
          [
            857.1429,
            3.0,
            0.0
          ],
          [
            942.8572,
            2.0,
            0.0
          ],
          [
            1028.5714,
            0.0,
            0.0
          ],
          [
            1114.2858,
            1.0,
            0.0
          ],
          [
            1200.0,
            2.0,
            0.0
          ],
          [
            1285.7144,
            0.0,
            0.0
          ],
          [
            257.14285,
            3.0,
            0.0
          ]
        ],
        "lengthInSteps": 16,
        "mustHitSection": false,
        "bpm": 100.0,
        "changeBPM": false
      },
      {
        "sectionNotes": [
          [
            1371.4286,
            2.0,
            0.0
          ],
          [
            1542.8572,
            1.0,
            0.0
          ],
          [
            1628.5714,
            3.0,
            0.0
          ],
          [
            1800.0,
            2.0,
            171.42857
          ],
          [
            2228.5715,
            0.0,
            0.0
          ],
          [
            2400.0,
            1.0,
            0.0
          ],
          [
            2571.4287,
            3.0,
            0.0
          ]
        ],
        "lengthInSteps": 16,
        "mustHitSection": false,
        "bpm": 175.0,
        "changeBPM": false
      },
      {
        "sectionNotes": [],
        "lengthInSteps": 16,
        "mustHitSection": false,
        "bpm": 175.0,
        "changeBPM": false
      }
    ],
    "bpm": 175.0,
    "needsVoices": true,
    "speed": 1.0,
    "player1": null,
    "player2": null
  }
}